{
  "model_type": "xgboost",
  "hyperparameters": {
    "max_depth": 3,
    "learning_rate": 0.02,
    "n_estimators": 200,
    "objective": "reg:squarederror",
    "random_state": 42,
    "subsample": 0.8,
    "colsample_bytree": 0.8,
    "reg_lambda": 3
  },
  "training_data": {
    "train_set": "2020-2022",
    "val_set": "2023",
    "test_set": "2024"
  },
  "performance": {
    "validation": {
      "mse": 19.79335356373703,
      "mae": 3.3402618343179875,
      "r2": 0.40471117101542775,
      "within_1_position": 31.590909090909093,
      "within_2_positions": 48.40909090909091,
      "within_3_positions": 60.22727272727273,
      "test_samples": 440
    },
    "test": {
      "mse": 15.709524260054232,
      "mae": 3.004387912770154,
      "r2": 0.5258304976174366,
      "within_1_position": 34.864300626304804,
      "within_2_positions": 49.89561586638831,
      "within_3_positions": 66.59707724425887,
      "test_samples": 479
    }
  }
}